91,Keith Mccall,53511335-1,mujer,40
122,Darragh Foreman,44770429-3,mujer,21
616,Alaw Ferrell,38895795-6,hombre,37
84,Mary Manning,53234460-3,mujer,30
768,Tiffany Cantu,66714421-3,hombre,26
350,Oran Valdez,21672114-4,hombre,31
21,Darcie-Mae Hutton,99116865-6,hombre,37
414,Omari Fuller,48459253-5,hombre,27
555,Deen Smyth,80438756-0,hombre,21
70,Milena Bright,12957899-8,hombre,37
813,Aiden Arnold,36304600-2,hombre,37
467,Cally Hopper,38578737-5,mujer,30
309,Harriette Hubbard,44840159-6,mujer,24
644,Serenity Rossi,46930527-9,mujer,23
689,Keagan Hope,91957637-5,hombre,33
34,Cem Buckley,54801563-4,hombre,30
552,Genevieve Booth,85743167-7,mujer,19
383,Nichole Savage,16315937-6,hombre,26
327,Darsh Macias,36692442-6,mujer,20
577,Ariyah Mckeown,91995839-1,hombre,28
167,Edward Truong,44060880-9,mujer,27
479,Carter Plummer,27003910-3,hombre,25
376,Rianne Coleman,87548946-1,mujer,36
728,Karol Knights,23047484-2,mujer,26
321,Izabella Bate,63699218-6,mujer,19
408,Maiya Villa,20789297-1,mujer,48
753,Asha Guthrie,92390198-1,hombre,37
186,Tyrell Clay,23970806-4,hombre,47
441,Fahad Travers,56474633-9,hombre,24
652,Lori Forrest,69822376-6,hombre,29
289,Lois Charlton,58366562-5,mujer,29
758,Junior Bryant,25919808-9,mujer,27
540,Massimo Needham,66199699-4,hombre,26
432,Elle Lindsay,97404549-4,hombre,38
163,Callie Collier,80843691-4,hombre,29
823,Nevaeh Gill,88667817-7,mujer,30
444,Joseff Peters,20467855-3,hombre,20
99,Nathanael Carlson,70733075-9,hombre,24
454,Patrik Dodson,52650167-5,mujer,45
525,Muneeb Huff,57041868-8,mujer,34
232,Alyce Kirkpatrick,42678415-7,mujer,33
183,Reyansh Mccormick,86367440-9,mujer,29
1,Summer Clements,13993032-0,hombre,29
103,Petra Sharp,78156640-3,hombre,24
345,Enid Flower,77785207-8,hombre,31
670,Tasmin Crossley,75020925-4,hombre,22
521,Jaheim William,37117213-0,hombre,32
292,Cleo Goodwin,29950437-9,hombre,49
533,Ffion Allison,70202613-k,hombre,38
44,Alys Schwartz,33298524-8,mujer,36
658,Hayden Turnbull,56930255-2,hombre,30
403,Cyrus Fountain,98296705-8,mujer,21
785,Nasir Jenkins,45273848-1,hombre,27
318,Martina Betts,41266992-4,mujer,30
273,Dania Love,16836029-0,hombre,27
93,Tiffany May,53747213-8,mujer,21
341,Evie-Grace Middleton,36706688-1,mujer,47
625,Darryl Carlson,28673876-1,hombre,27
280,Evelina Dickerson,13068977-9,hombre,46
536,Dionne Dowling,17167867-6,hombre,20
127,Sian Montgomery,51827744-8,mujer,26
473,Shahzaib Espinoza,34975310-3,mujer,50
168,Christie Zavala,44604413-3,mujer,29
39,Caitlyn Mckenzie,76160177-6,mujer,39
599,Kayleigh Finley,87244280-4,hombre,34
293,Austin Riddle,14240870-8,hombre,24
635,Shane Best,39043389-1,hombre,36
269,Kaylan Huff,64063874-5,hombre,29
384,Ellie-Mai Hutton,14885951-5,mujer,26
535,Susie Crane,14197251-0,mujer,26
285,Abubakr Benjamin,67609462-8,hombre,21
763,Khadija Dalby,32153494-5,mujer,19
486,Isabell Hogan,96735305-1,hombre,27
364,Keanan Cordova,90739234-1,mujer,33
385,Arfa Boyer,30775222-0,mujer,20
667,Yasmin Barr,25609460-6,mujer,22
358,Mahnoor Legge,96828461-4,hombre,31
691,Winston Castro,10537138-1,mujer,27
0,Corban Stacey,15286948-7,hombre,31
387,Georga Salinas,85055980-5,mujer,51
3,Rochelle Cain,46088353-9,hombre,27
344,Taybah Best,33006349-1,mujer,28
347,Carrie-Ann Dickson,19142189-2,mujer,22
455,Marnie Macfarlane,31194216-6,mujer,19
172,Arla Hinton,10619372-k,mujer,21
520,Ainsley Read,67629255-1,mujer,28
382,Nimrah Lowery,66398573-6,mujer,32
11,Toni Morris,79029236-7,hombre,25
507,Kian Branch,43123228-6,hombre,22
200,Alana Rahman,46787382-2,hombre,22
395,Johnny Perry,64269343-3,mujer,24
24,Evie-Grace Hayden,83131309-9,hombre,39
115,Ivie Perez,25198755-6,hombre,26
821,Ashlyn Finch,97163657-2,mujer,31
503,Izabelle Frey,34776869-3,mujer,27
495,Fatima Traynor,60139069-8,mujer,36
235,Aria Massey,66478458-0,mujer,26
608,Musab Valencia,80308047-k,hombre,30
567,Theodore Wilkes,11341475-8,hombre,38
266,Warwick Webber,86819507-k,mujer,34
353,Aisling Chaney,80228379-2,mujer,25
710,Vincenzo Preece,45026733-3,mujer,39
15,Imogen Wills,55994808-k,hombre,22
40,Romilly Heath,38317707-3,hombre,26
185,Ihsan Kelley,51093069-k,hombre,23
400,Clarke Mcloughlin,83330704-5,hombre,40
671,Izaak Mathis,92386054-1,hombre,38
259,Amie Fuller,10254486-2,mujer,23
394,Dalia Jefferson,10619776-8,mujer,23
36,Uma Morales,77020926-9,mujer,19
274,Abbi Millington,68903163-3,hombre,19
212,Arif Thorne,56485501-4,mujer,33
554,Samuel Sheridan,82270937-0,hombre,24
464,Codie Galloway,27183294-k,hombre,19
184,Shahzaib Bellamy,44749202-4,mujer,31
777,Waleed Aguirre,63968995-6,hombre,30
54,Teddie Leal,15614052-k,mujer,34
357,Zeshan Mcmillan,36205098-7,mujer,20
677,Zack Sanderson,85516291-1,hombre,32
496,Imran Senior,30991735-9,mujer,25
679,Amber-Rose Wardle,92244003-4,hombre,39
100,Campbell Vazquez,89200986-4,hombre,36
227,Freya Gross,53609901-8,hombre,24
281,Zayaan Paterson,12673702-5,mujer,28
340,Aleena Maguire,93433032-3,mujer,32
475,Matias Strickland,88408240-4,hombre,23
323,Heath Cruz,35480818-8,mujer,30
82,Jayden-James Mckay,38717290-4,mujer,25
142,Jamie-Lee Cook,96863860-2,hombre,35
664,Milly Rudd,83469143-4,mujer,35
568,Manisha Mcloughlin,39006777-1,mujer,21
140,Talia Ellwood,41704207-5,mujer,26
393,Melisa Travis,56350683-0,mujer,34
356,Cem Moss,13592940-9,mujer,32
335,Jardel Keith,40597717-6,hombre,25
120,Corrie Kirkpatrick,84729190-7,hombre,29
797,Hashir Hendricks,38100857-6,mujer,29
449,Jiya Irvine,16689945-1,hombre,20
231,Myles Nash,58976828-0,hombre,52
484,Jesus Small,90007582-0,hombre,20
198,Justine Black,32211035-9,mujer,25
429,Amanah Mckay,93635199-9,hombre,28
485,Denise Daniel,53281073-6,mujer,19
28,Gabija Norton,12460058-8,hombre,19
587,Toyah Wolfe,83605517-9,hombre,24
96,Lacy Simon,79861684-6,hombre,23
138,Nabila Byers,30854312-9,mujer,25
124,Zayne Crane,31459690-0,hombre,29
517,Lilly-Grace Tucker,99223381-8,hombre,21
61,Kacy Stubbs,55012555-2,hombre,28
425,Hettie Sweeney,99937169-8,hombre,29
416,Elliott Irwin,13890944-1,hombre,37
524,Tom Palacios,18454632-9,hombre,21
365,Hailie Robertson,59137080-4,mujer,29
775,Ammaar Carty,13947632-8,hombre,48
730,Francis Kerr,34414978-k,hombre,40
296,Shelby Holder,33802463-0,mujer,23
659,Ella-May Hayes,48333719-1,mujer,21
598,Esme-Rose Wicks,41325900-2,hombre,21
149,Courtney O'Sullivan,53171533-0,mujer,38
463,Haleemah Baxter,14408869-7,mujer,25
566,Hester Jeffery,20026905-5,mujer,30
396,Gina Cortes,77366538-9,mujer,32
194,Korben Hurley,64651214-k,hombre,21
205,Ilyas Puckett,34012878-8,mujer,28
215,Adyan Wicks,77214559-4,hombre,52
158,Amanpreet Mata,81955785-3,hombre,39
226,Abdur Heath,40127235-6,mujer,41
440,Kayden Delarosa,82693313-5,hombre,34
619,Ruby-May Espinosa,44290962-8,hombre,35
595,Priya Oneil,96213582-k,mujer,30
678,Toby Day,69186141-4,mujer,28
220,Bella-Rose Cox,69251591-9,mujer,25
620,Tj Moran,88495383-9,mujer,24
377,Demi-Leigh Byrd,22977216-3,hombre,33
676,Rita Kouma,58378678-3,hombre,34
298,Josie Ibarra,75295314-7,mujer,26
351,Summer-Louise Strong,99463426-7,hombre,30
435,Anis Cohen,37376941-k,hombre,38
265,Albert Irvine,62036438-k,hombre,22
581,Louie Swan,95367461-0,hombre,27
663,Ellise Bautista,66899113-0,hombre,22
366,Lily-Rose Wharton,43329730-k,mujer,29
814,Billy-Joe Ward,12177977-3,hombre,20
452,Kaeden Frazier,66185512-6,hombre,39
45,Jill Baker,40588157-8,hombre,57
362,Nakita Kelly,60031280-4,mujer,36
735,Danyal Steele,59749734-2,mujer,49
283,Kajal Short,40644356-6,hombre,22
173,Sophia Ryan,34846808-1,hombre,28
803,Gaia Pearson,23686910-5,mujer,28
102,Subhan Pearce,53329659-9,hombre,22
782,Kaeden Knapp,37285914-8,mujer,53
442,Samiya Hardin,84911278-3,mujer,30
474,Suzanna Romero,80558312-6,hombre,22
822,Mikayla Hume,42714709-6,mujer,30
516,Sallie Wolf,85831418-6,mujer,23
81,Kimora Ridley,33461543-k,mujer,28
612,Diego Castillo,76081261-7,hombre,34
2,Sia Begum,10348170-8,mujer,27
17,Florrie Pacheco,95185947-8,hombre,29
286,Zackery Sheridan,83028620-9,mujer,29
697,Ferne Fritz,25002692-7,mujer,19
643,Kaleem Hill,60727093-7,hombre,24
284,Trystan Wall,50321392-3,mujer,35
89,Grace O'Moore,70851011-4,mujer,39
126,Adnaan Rowley,34183638-7,hombre,26
86,Nataniel Miller,44100123-1,mujer,22
410,Clodagh Greenaway,80508950-4,mujer,26
145,Ignacy Leblanc,46962859-0,hombre,34
674,Freddy Simons,52698782-9,hombre,33
709,Ameera Edwards,64367868-3,mujer,28
773,Humayra Palacios,90494178-6,hombre,38
712,Raheel Bonilla,25399600-5,mujer,19
706,Emile Lopez,70019535-k,hombre,20
178,Scarlet Banks,83386046-1,mujer,28
109,Geoffrey Ellis,96213302-9,hombre,20
238,Arslan Horton,13690129-k,hombre,39
210,Cleo Aguilar,37220030-8,hombre,20
744,Sonnie Pugh,34039148-9,mujer,35
197,Adela Tillman,86164302-6,hombre,45
807,Isaac Fleming,52258791-5,mujer,20
380,Gavin Jeffery,37742604-5,mujer,23
639,Caitlan Whitehouse,50728559-7,mujer,34
790,Robyn Hyde,14495790-3,hombre,29
705,Brendon Denton,23625905-6,mujer,20
59,Macauley Davison,63459997-5,mujer,32
725,Glenn Curry,67216197-5,mujer,27
713,Che Partridge,16943787-4,mujer,39
299,Effie Washington,79687907-6,hombre,22
128,Arham Johnson,58496906-7,hombre,26
141,Nicky O'Brien,15460166-k,mujer,20
505,Ruby-Leigh Stevenson,75328775-2,hombre,19
409,Mack Wallis,53456223-3,mujer,28
189,Oliver Fitzpatrick,80282829-2,hombre,25
154,Cadi Stokes,79758989-6,hombre,29
779,Karis Downes,42494071-2,mujer,19
538,Brandan Mcdougall,48630167-8,mujer,42
693,Jonah Murphy,53331281-0,hombre,22
196,Rafael Cisneros,41226633-1,hombre,34
818,Siyana Ballard,95423202-6,hombre,23
131,John-James Burton,60747994-1,hombre,22
315,Finnley Orr,22169359-0,hombre,20
407,Sherri Kearns,38470405-0,mujer,22
195,Julie Hart,23819538-1,hombre,48
53,Eoin Sosa,28060713-4,hombre,29
745,Lola-Mae Whittaker,93591226-1,hombre,27
631,Johanna Whelan,20996381-7,mujer,36
719,Vickie Clifford,10927357-0,mujer,19
329,Zubair Benjamin,19150492-5,mujer,29
629,Janine Keller,45624249-9,hombre,21
634,Cora Camacho,70551235-3,mujer,23
422,Elizabeth Hopper,81234956-2,hombre,38
421,Carley Dixon,91888493-9,mujer,23
480,Sabiha O'Quinn,93129167-k,mujer,60
623,Ashlyn Rossi,81783289-k,mujer,32
26,Ottilie Campos,78166652-1,mujer,28
522,Suranne Byrd,36600416-5,hombre,46
352,Rhydian Keeling,44372095-2,mujer,22
302,Rayan Mccray,34603233-2,hombre,24
148,Rhianna Gilliam,93207016-2,hombre,24
481,Tayyibah Mckinney,18067050-5,mujer,50
246,Cora Becker,73557956-8,mujer,27
390,Collette Munro,72429091-4,mujer,19
179,Suhayb Frame,41740767-7,mujer,27
5,Frederic Brooks,37630974-6,mujer,44
487,Ivan Allison,57829633-6,hombre,23
606,Arthur Lara,58191750-3,mujer,28
219,Taine Ireland,97675067-5,mujer,34
514,Camron Chaney,70366259-5,hombre,39
361,Kasim Brooks,61892040-2,mujer,25
648,Maude Arnold,59129614-0,hombre,42
592,Latoya Powers,54252672-6,hombre,29
156,Jasper Hicks,53038300-8,mujer,19
25,Katie Yoder,57078757-8,hombre,34
579,Solomon Morton,31726652-9,hombre,27
415,Lewis Mcleod,17070747-8,hombre,28
460,Olivia-Mae Hicks,26135720-8,hombre,20
371,Mila-Rose Ramsey,72856019-3,mujer,27
419,Arianna Vazquez,50319391-4,mujer,57
794,Ella-Mai Butt,41775238-2,mujer,36
617,Minahil Kaye,59982206-2,hombre,24
694,Frances Hartman,94559048-3,mujer,27
722,Hadley Acosta,32086803-3,mujer,26
669,Dawson Rayner,73290473-5,mujer,39
632,Dominik Wynn,57639262-1,mujer,38
287,Izaan Byrd,89077953-0,mujer,30
805,Asiya Short,98357275-8,hombre,22
199,Adam Grant,52247620-k,mujer,29
38,Eleasha Craig,58000701-5,hombre,24
815,Nathaniel Rivas,79974368-k,mujer,22
622,Aryaan Fox,88151779-5,hombre,52
655,Xander Simmonds,91258242-6,hombre,26
618,Quentin Jacobs,66658505-4,hombre,22
695,Reece Price,39038168-9,hombre,21
795,Maia Glover,52792841-9,mujer,22
531,Carter Bradshaw,83123905-0,hombre,35
177,Abbas Gonzales,85884715-k,hombre,39
665,Irfan Britton,52158784-9,hombre,20
692,Pierce Mora,29557986-2,mujer,26
551,Junayd Andersen,67902197-4,hombre,36
23,Nyah Croft,68035652-1,mujer,26
478,Lucien Watkins,22760013-6,mujer,21
58,Harriett Castillo,81559564-5,mujer,24
565,Trey Saunders,23494123-2,hombre,57
248,Scarlett Cassidy,33911863-9,hombre,26
646,Sylvia Faulkner,63953205-4,mujer,21
391,Bryce Watt,75281837-1,mujer,25
14,Dulcie Kearns,92931585-5,hombre,29
591,Mayson Nicholson,26541300-5,hombre,23
29,Alexandra Naylor,85594953-9,mujer,39
251,Mehak Dawson,80600254-2,mujer,23
111,Anaya Rice,62832139-6,hombre,52
83,Jeff Lane,69705129-5,hombre,21
314,Bryony Henry,68155764-4,hombre,27
711,Hudson Emerson,54746197-5,mujer,38
135,Mila Rhodes,49166815-6,hombre,58
294,Ines Fountain,59150917-9,hombre,34
276,Cooper Draper,24796080-5,hombre,27
812,Evan Haas,24655915-5,hombre,40
668,Marlon Lott,29381516-k,hombre,39
601,Aimie Sears,72018152-5,hombre,29
488,Melissa Ashley,29803983-4,hombre,30
791,Rebecca Sheehan,49552236-9,hombre,23
160,Siyana Krueger,14811794-2,hombre,19
509,Rodney Woodcock,12205074-2,hombre,31
553,Bridie Currie,63214464-4,mujer,35
389,Samad Neville,54122700-8,mujer,19
562,Amelia-Mae Malone,87094740-2,hombre,30
71,Oliwia Livingston,33572631-6,mujer,27
630,Emelia Roche,66295586-8,hombre,34
368,Alister Hartman,91461351-5,mujer,30
683,Piotr Glenn,81881771-1,mujer,31
312,Gregg Douglas,18902520-3,mujer,55
482,Jibril Hall,89118524-3,mujer,28
240,Caius Ball,57133149-7,mujer,22
642,Louie Harwood,36750587-7,mujer,19
174,Subhaan Corbett,93009498-6,hombre,37
633,Isobel Dudley,99108730-3,hombre,22
576,Alfie-Lee Pruitt,61127746-6,mujer,24
534,Fynley Glenn,34048567-k,mujer,25
720,Ricardo Devine,66976509-6,mujer,21
221,Lillia Hartman,45385992-4,mujer,26
332,Callan Lowe,56093204-9,mujer,26
502,Alfie-James Moyer,74500563-2,hombre,36
397,Margo Stuart,21875469-4,mujer,26
277,Avani Phan,51193594-6,mujer,39
260,Anam Mcarthur,12166206-k,hombre,44
402,Bea Mcnally,63382431-2,mujer,26
541,Maleeha Rice,65809271-5,mujer,60
804,Ruth Steadman,93129166-1,mujer,28
43,Adela Cordova,85394005-4,hombre,21
202,Dane Sharma,30928102-0,mujer,42
125,Lilli Leech,13904984-5,mujer,31
249,Kyle Aguirre,53783913-9,hombre,30
75,Braiden Hoover,26635765-6,hombre,29
704,Saffron Sawyer,88538509-5,hombre,24
638,Roger Woodcock,27161682-1,mujer,38
723,Belinda Chamberlain,76762441-7,hombre,22
603,Claudia Avery,44626695-0,hombre,36
733,Gino Alston,63196577-6,hombre,21
470,Guto Benitez,59890575-4,mujer,21
192,Javan Wiley,57728317-6,hombre,21
627,Maksim Mcmahon,97355372-0,hombre,27
262,Dante Nava,88732812-9,mujer,27
430,Alanis Clark,73833231-8,mujer,26
685,Akeem Hensley,84891139-9,mujer,33
213,Sonya Smart,31793868-3,mujer,27
760,Haidar Moreno,91346186-k,hombre,24
254,Kelly Keenan,56944351-2,hombre,32
436,Beauden Gilmour,18165501-1,hombre,40
743,Princess Guest,73454838-3,mujer,56
326,Haris Humphreys,38072383-2,hombre,28
445,Maisey Alexander,76396643-7,hombre,19
510,Derrick Fritz,34996262-4,mujer,52
458,Hasan Harrison,79308193-6,hombre,40
539,Patryk Enriquez,54121962-5,hombre,19
761,Shayaan Watkins,56405384-8,hombre,28
762,Abid Cross,97596735-2,hombre,20
316,Cayson Branch,22913410-8,mujer,26
233,Brandi Conroy,63936216-7,mujer,19
51,Samirah O'Brien,76356563-7,mujer,38
236,Maxime Haigh,49718772-9,mujer,20
379,Indigo Liu,54570173-1,mujer,20
626,Tye Corrigan,28273728-0,hombre,47
328,Alexandra Barrera,82429778-9,hombre,22
557,Kacie Stevens,89576450-7,hombre,28
727,Tayyib Davila,47121914-2,mujer,47
245,Andrew Santos,26100581-6,hombre,19
792,Sakina Stewart,40161573-3,hombre,23
62,Timothy Senior,22274441-5,mujer,29
726,Shahzaib Lester,84621982-k,mujer,22
95,Kelise Fraser,73543707-0,mujer,19
288,Billie Durham,93550420-1,hombre,29
170,Bridget Mckee,10669832-5,hombre,56
806,Amba Crane,77484278-0,mujer,36
216,Danyl Boyer,62196038-5,mujer,29
588,Lily-Mae O'Quinn,68147125-1,hombre,58
264,Roan Stubbs,42162871-8,mujer,34
556,Petra Rigby,73561428-2,hombre,36
738,Howard Boone,79543386-4,hombre,28
367,Presley Mcgowan,42354523-2,hombre,28
271,Alistair Sanford,70012917-9,mujer,59
250,David Beach,43173481-8,mujer,28
574,Ivy-Rose Mcclure,41659296-9,mujer,25
687,Atticus Hussain,60020954-k,mujer,26
228,Elspeth Rice,63974341-1,mujer,36
778,Dev Adamson,75269880-5,mujer,28
151,Lola-Mae Kay,93840785-1,hombre,23
144,Millie-Rose Frost,83118985-1,hombre,21
702,Ajwa Daly,87624695-3,mujer,20
234,Lester Contreras,71162268-3,mujer,51
65,Quinn Munro,60574488-5,mujer,29
680,Kwabena Stone,74415365-4,mujer,19
647,Jadon Slater,99347364-2,hombre,20
549,Willis Herbert,97985609-1,mujer,18
526,Ziva Langley,75129314-3,hombre,39
247,Allana Jarvis,26617374-1,hombre,37
208,Kiran Hanna,88697741-7,mujer,36
729,Layton Hodge,73026642-1,mujer,20
372,Julien Sloan,35656775-7,mujer,20
116,Riccardo Hamilton,80588097-k,mujer,19
759,Stefan Allen,92060023-9,mujer,19
230,Bernard Wells,12815044-7,hombre,30
137,Judith Stott,89025372-5,mujer,22
180,Imaad Knox,35785969-7,mujer,49
571,Jana Byrd,22825105-4,hombre,37
661,Becky Strickland,49641463-2,hombre,30
799,Harlow Woods,99302343-4,hombre,24
512,Miruna Friedman,35773199-2,hombre,20
798,Yash Wallace,69691126-6,mujer,19
708,Macsen Major,62034785-k,hombre,38
73,Alexandria Garrison,47377094-6,hombre,30
300,Humairaa Knights,70368495-5,mujer,29
165,Abubakar Bowler,90471139-k,mujer,27
515,Iram Carroll,79922398-8,hombre,40
783,Jobe Reyes,79725852-0,hombre,20
378,Eleanor Charlton,28353821-4,hombre,27
690,Tudor Proctor,76362168-5,mujer,21
718,Kit Adams,70638696-3,mujer,26
737,Cari Welch,48592540-6,mujer,22
611,Marlene Hawes,41071374-8,hombre,40
459,Taiba Richmond,49628420-8,mujer,23
446,Lucy Dunlap,41545483-k,hombre,36
290,Jade Thatcher,47981838-k,hombre,30
489,Natalya Thorpe,22783728-4,hombre,26
789,Yunus Galloway,15955355-8,mujer,20
222,Ellenor Lara,11544489-1,mujer,35
600,Clayton Mckenna,75397524-1,mujer,34
682,Carolina Gomez,35414863-3,hombre,31
564,Sneha Hagan,90601826-8,mujer,19
628,Jaiden Sampson,89477804-0,mujer,28
104,Olivia-Mae Carey,69760987-3,mujer,24
322,Elleanor Kane,86339917-3,mujer,23
721,Payton Arroyo,63216586-2,hombre,24
388,Sylvia Mcfarland,50536630-1,hombre,27
529,Lily-Anne Barnes,25309713-2,hombre,54
261,Georga Duffy,11557739-5,mujer,47
209,Krista Head,67414624-8,mujer,33
448,Layton Sparks,74269105-5,mujer,22
684,Dulcie Shelton,88413708-k,hombre,43
675,Elissa Schmidt,60926655-4,mujer,53
331,Cerys Clarkson,86083776-5,hombre,34
297,Lara Mcmahon,20672410-2,mujer,44
816,Harry Hood,42868972-0,mujer,26
548,Rhonda Carney,81403585-9,mujer,36
772,Ayana Portillo,60456055-1,mujer,24
614,Deanne Villarreal,67753422-2,mujer,40
242,Sulaiman Martin,11077126-6,hombre,40
374,Tyler-Jay Forster,76563311-7,mujer,35
133,Adrian Fitzgerald,59444986-k,hombre,27
146,Marcelina Lowery,71075215-k,hombre,30
769,Skye Gray,48007583-8,mujer,49
570,Roseanne Nguyen,45856781-6,mujer,22
513,Ralphy Phan,94362008-3,hombre,29
348,Sara Horn,27143992-k,mujer,33
519,Connor Weir,62422623-2,hombre,19
740,Spencer Tran,48553208-0,mujer,24
319,Kinga Redmond,78459862-4,hombre,22
16,Marianne Mays,63688364-6,mujer,47
270,Gene Melton,50511840-5,hombre,28
267,Uzma Burris,61774912-2,mujer,28
420,Campbell Shepherd,81602032-8,hombre,51
67,Haley Bonilla,55326528-2,hombre,19
560,Maiya Tierney,43654491-k,hombre,25
468,Sebastien Petersen,89213188-0,mujer,53
559,Kaiya Huerta,87371798-k,mujer,31
229,Christopher Macleod,51433500-1,hombre,51
621,Karina Morgan,97632307-6,hombre,32
412,Robyn Riddle,36432728-5,mujer,39
751,Harvie Bonilla,46805723-9,mujer,35
68,Afsana Roth,31690607-9,hombre,21
253,Rupert Ahmed,22027409-8,hombre,27
788,Frances Corrigan,12920124-k,mujer,25
681,Cheyanne Petersen,89751595-4,mujer,30
88,Florrie Drew,59445067-1,hombre,55
31,Mahi Vargas,44171043-7,hombre,28
239,Jobe Hopper,69135613-2,hombre,31
129,Josh Fry,93066103-1,mujer,23
609,Thierry Hurley,82254885-7,mujer,39
731,Nico Lim,87282538-k,hombre,26
546,Cecelia Bender,29877385-6,hombre,25
801,Miller Fletcher,35340502-0,hombre,34
42,Malaki Wiggins,94123958-7,hombre,21
114,Lorraine Maxwell,89793517-1,hombre,20
337,Catriona Cresswell,83640016-k,mujer,36
4,Ollie Morrow,20180335-7,hombre,27
793,India Camacho,12969098-4,mujer,32
589,Arissa Webb,54363208-2,hombre,49
55,Dillon Reeves,83917354-7,mujer,34
33,Ari Tomlinson,14377401-5,hombre,21
672,Korban Robbins,38629675-8,mujer,23
74,Awais Berger,46187096-1,mujer,39
756,Harvey-Lee Burch,78301240-5,mujer,24
87,Agnes Singleton,43776217-1,mujer,34
653,Geraint Shaw,59854747-5,mujer,37
317,Rhonda Reeve,97538963-4,hombre,26
85,Hermione Ventura,58593290-6,hombre,27
355,Elliot Pacheco,37184049-4,mujer,20
613,Shelbie Moreno,12885071-6,hombre,46
9,Khia Kline,22587614-2,mujer,22
584,Toby Petty,84593882-2,hombre,35
809,Luca Foley,71316667-7,mujer,35
703,Aleksander Patton,29009046-6,hombre,39
346,Edmund Whelan,57792927-0,mujer,23
268,Tyreke Gilmore,12412672-k,mujer,23
508,Isla-Mae Calhoun,99184175-k,mujer,27
746,Kirandeep Riggs,73842540-5,mujer,25
375,Justine Wood,22001298-0,mujer,31
736,Hettie Samuels,37204390-3,hombre,30
334,Zaine Trujillo,20820475-0,hombre,19
27,Jasper Harvey,32359787-1,mujer,54
590,Leanne Weeks,31359212-k,hombre,30
80,Arwen Flores,47673879-2,hombre,34
451,Sameera Robson,71180222-3,hombre,30
741,Pola Finney,10339840-1,mujer,23
766,Kierran Stanton,50942616-3,hombre,27
157,Kara Rivas,87634133-6,hombre,25
715,Ramone Guzman,40236352-5,mujer,27
426,Sienna Weaver,37839960-2,hombre,49
97,Marianna Barry,61786224-7,hombre,21
561,Linzi Wong,14200344-9,mujer,29
645,Manisha Stephens,65485230-8,mujer,28
354,Lulu Sexton,21330792-4,hombre,36
304,Kerri Herbert,11453035-2,mujer,20
79,Yisroel O'Neill,69265725-k,mujer,19
214,Milly Olson,48176712-1,mujer,25
542,Abdur-Rahman O'Reilly,49159506-k,mujer,22
324,Isabella-Rose Patrick,70841109-4,hombre,25
800,Ariadne Hibbert,35155157-7,mujer,23
181,Carys Conrad,78479752-k,hombre,31
820,Ace Stephenson,57181678-4,mujer,25
543,Joan Alvarado,21878618-9,hombre,26
469,Shane Kelly,34823992-9,mujer,43
241,Naima Perez,89265324-0,hombre,40
363,Hughie Storey,20600805-9,hombre,25
243,Thalia Scott,21823347-3,mujer,27
582,Freddie Byrne,20209505-4,mujer,25
401,Sheila Gilmore,57931953-4,hombre,51
258,Tanisha Allen,89861491-3,mujer,31
666,Fenella Schaefer,26240285-1,hombre,33
150,Rebeca Park,32628385-1,hombre,41
123,Nel Carson,63421928-5,hombre,39
796,Aryan Hastings,82533150-6,hombre,25
472,Liyah Cooper,93176945-6,hombre,26
370,Kailum Caldwell,81560843-7,mujer,52
278,Alexis Kearney,30364676-0,hombre,22
161,Hailie Kirkpatrick,45589350-k,mujer,34
386,Jacques Carter,75910499-4,mujer,41
359,Nina Holding,17159919-9,mujer,36
819,Musa Myers,18984900-1,hombre,27
333,Maddox Moon,66169613-3,hombre,35
119,Tierney Mackay,79344858-9,hombre,20
494,Pia Short,14309109-0,hombre,52
66,Ethel Colon,65855526-k,hombre,50
217,Steven Hills,20034783-8,mujer,37
275,Ritchie Rose,50022661-7,hombre,35
306,Trey Evans,82903113-2,hombre,38
399,Bree Cleveland,37608219-9,mujer,30
465,Lance Weber,26249833-6,mujer,26
8,Alesha Roth,80885102-4,hombre,19
256,Yahya York,41091494-8,hombre,21
550,Bella-Rose Rivers,47591540-2,mujer,28
13,Wyatt Stephens,61662429-6,mujer,33
143,Casper Pruitt,11554909-k,mujer,47
224,Donna Montes,75903526-7,mujer,27
700,Mohamed Mcclain,13863556-2,hombre,19
176,Danica Hutchings,48433213-4,mujer,23
530,Ayaan Bass,59105378-7,hombre,23
6,Aadam Dunlop,66540267-3,hombre,33
112,Teddy Henderson,11091024-k,hombre,51
701,Lennox Mcculloch,29637564-0,mujer,20
282,Alister Hills,45400053-6,hombre,20
493,Aubree Marsden,71796805-0,mujer,31
750,Jorgie Rowland,81428035-7,mujer,44
263,Santino Robson,54475883-7,mujer,23
787,Sabrina Gillespie,27626683-7,hombre,25
188,Chase Horner,30680313-1,hombre,23
604,Yousef Rutledge,74748755-3,mujer,34
32,Jonny Cortes,24945173-8,mujer,25
506,Theia Parkes,74361473-9,mujer,20
802,Kymani Rahman,95711978-6,hombre,29
602,Forrest Salt,98152080-7,mujer,39
699,Elle-May Iles,96251410-3,hombre,36
369,Iris Fowler,69167855-5,mujer,21
153,Faiz Edmonds,25750021-7,hombre,21
483,Ahsan Flynn,71389826-0,hombre,26
654,Zunairah Mcgee,53087333-1,mujer,24
491,Zakariyah Williamson,60038263-2,mujer,24
476,Georgiana Yu,68225683-4,hombre,26
437,Jannat O'Moore,83635222-k,hombre,26
453,Artur Stokes,54245196-3,mujer,30
48,Manav Hampton,60211995-5,hombre,34
523,Millie Nava,96217495-7,hombre,20
193,Sienna Neale,58303600-8,hombre,22
63,Annabelle Stephens,33090056-3,hombre,35
504,Bjorn Salazar,97754557-9,mujer,35
657,Lilly-Grace Horn,42113348-4,mujer,31
438,Aanya Foster,95759065-9,hombre,31
558,Shanaya Hewitt,45644100-9,mujer,50
742,Annaliese Mckinney,69767927-8,hombre,39
50,Laith Paul,74357811-2,mujer,49
12,Rahul Horne,95435510-1,mujer,28
152,Makayla Crowther,25368817-3,mujer,20
686,Huw Lewis,79348268-k,hombre,37
164,Owain Rollins,28738037-2,hombre,46
7,Jareth Castillo,45631604-2,mujer,52
19,Clay Huynh,54106148-7,mujer,18
527,April Peters,81168161-k,hombre,50
255,Gage Stafford,11798235-1,hombre,59
108,Stanley Soto,58748811-6,mujer,26
187,Kathryn Whiteley,15373219-1,mujer,32
537,Denzel Herrera,95514882-7,hombre,29
563,Florence Lucero,66866166-1,hombre,23
411,Carter Richards,94864113-5,hombre,30
433,Brandon Rodrigues,46033111-0,mujer,55
72,Anne Bray,34966889-0,mujer,27
338,Mysha Firth,77354291-0,hombre,22
447,Nathaniel Mcgill,54593722-0,hombre,54
624,Jasleen Parker,58332136-5,hombre,40
597,Keaton Mccall,54480341-7,hombre,50
18,Jaidon Gay,84964932-9,mujer,36
586,Kirstin Fry,21630671-6,mujer,23
204,Daria Ellison,63483183-5,hombre,49
501,Chelsy Whitley,67170407-k,mujer,27
824,Rahul Finley,50814284-6,hombre,36
443,Jake Hatfield,64501886-9,hombre,19
707,Lisa-Marie Grimes,19386119-9,hombre,20
593,Olivia-Rose Fuentes,22249624-1,hombre,20
57,Sabah Skinner,74895468-6,hombre,46
343,Bridie Stanley,15369176-2,hombre,51
528,Akash Kendall,19533896-5,hombre,35
336,Fred Sharples,54451953-0,mujer,19
272,Libbie Camacho,87859472-k,mujer,59
466,Cai Mcneil,35115737-2,mujer,22
381,Kiera Mccallum,71518049-9,hombre,30
637,Kristen Gallegos,52778909-5,hombre,59
767,Isabell Goodwin,84327091-3,hombre,40
30,Francis Luna,35776394-0,mujer,46
605,Alicja Magana,56744324-8,mujer,30
649,Eleni Hansen,34349789-k,hombre,33
349,Reiss Lutz,19410523-1,hombre,29
755,Mandeep Vazquez,56197957-k,hombre,20
417,Madeleine Stokes,82993651-8,mujer,32
518,Avneet Pennington,37925650-3,mujer,27
724,Jax Hester,54676049-9,hombre,24
615,Kajus Garrison,93285177-6,mujer,34
20,Alisa Carpenter,56781936-1,hombre,39
342,Adrienne Lamb,26475026-1,mujer,20
585,Mariah Wyatt,58038177-4,hombre,27
307,Aran Osborn,85778387-5,mujer,57
101,Fariha Barnard,71962392-1,hombre,20
578,Raife Cassidy,41234355-7,hombre,29
477,Amritpal Whyte,29295221-k,mujer,22
424,Karter Swan,48996426-0,hombre,37
754,Hamaad Barajas,17611254-9,hombre,50
770,Lemar Cullen,14585428-8,hombre,28
211,Conrad Buchanan,85122660-5,mujer,36
511,Patience Waters,88283175-2,hombre,30
49,Vijay Palacios,51667797-k,mujer,20
423,Reya Bruce,53383454-k,mujer,29
279,Arnav Shannon,82376572-k,hombre,54
206,Raees Livingston,62425949-1,mujer,26
41,Jordi Thorne,59089616-0,mujer,57
404,Lacey Thatcher,59495529-3,hombre,38
52,Charlie Rahman,99837067-1,mujer,22
752,Samir Daugherty,96371883-7,mujer,33
203,Nakita Meza,33466037-0,mujer,52
492,Nayla Bates,72611524-9,mujer,55
257,Tyreece Cohen,69777560-9,hombre,35
573,Fahad Diaz,26849996-2,hombre,39
311,Jevan Martins,22937366-8,mujer,25
462,Reanne Cooke,32219010-7,mujer,21
771,Maariya Enriquez,25450277-4,hombre,30
107,Mcauley Robles,34352032-8,mujer,48
37,Shamima Wormald,21924647-1,mujer,24
498,Montgomery Cornish,13370165-6,hombre,19
117,Tyrique Healy,29989393-6,mujer,22
201,Rehaan Dunlop,70116705-8,mujer,25
106,Ira Houston,95777850-k,mujer,26
640,Emillie Frye,98661210-6,hombre,22
132,Kohen Tait,87772349-6,hombre,31
716,Prisha Spencer,54726514-9,hombre,35
60,Reginald Tanner,45717384-9,mujer,36
673,Homer Jacobson,37797879-k,mujer,21
580,Amari Stubbs,88726486-4,hombre,24
303,Kory Hays,17286061-3,mujer,29
308,Arfa Crouch,88104231-2,mujer,54
305,Ranveer Cope,58963604-k,mujer,23
450,Dylan Nicholls,92951996-5,hombre,41
490,Anisha Brady,20694588-5,mujer,39
398,Gracie-May Patton,14002078-8,hombre,28
392,Theo Davenport,32750103-8,hombre,39
774,Mea Dorsey,95199785-4,hombre,37
169,Annaliese Rosa,48161908-4,hombre,25
662,Leigha Chavez,58812264-6,hombre,36
313,Caspian Potts,22412109-1,hombre,23
780,Annabelle Mullins,11123767-0,hombre,25
696,Chandni Stanton,11904025-6,mujer,50
497,Jose Farrell,80640357-1,hombre,34
808,Haider Hines,24927693-6,hombre,19
428,Ava-Mai Spooner,15451762-6,mujer,40
575,Ricardo Amin,43538788-8,mujer,26
191,Naeem Sharpe,72157153-k,hombre,29
406,Teodor Lim,65731455-2,hombre,31
747,Asmaa Allman,58648727-2,hombre,44
325,Ava Gilbert,81203114-7,mujer,21
698,Harlan Goodman,78413522-5,hombre,26
532,Zachary Marks,64268937-1,mujer,19
660,Ayomide Mosley,46531952-6,mujer,24
134,Tevin Walter,34882918-1,mujer,46
688,Edna Harper,14156767-5,mujer,29
572,Orlaith Jones,36918308-7,hombre,30
405,Laith Zimmerman,38235761-2,mujer,22
136,Alix Thatcher,90594532-7,mujer,30
244,Natalya Morgan,37981852-8,hombre,34
291,Nafisa Foster,73178495-7,mujer,25
717,Maisy Bright,77191435-7,hombre,19
223,Jorgie Power,58844715-4,mujer,23
130,Marwah Wiggins,82833215-5,hombre,40
56,Alasdair Lucas,27852199-0,hombre,56
77,Simone Akhtar,18969557-8,hombre,53
734,Aalia Ball,59051717-8,mujer,25
98,Shay Glass,38405094-8,mujer,45
636,Denis Mann,92946711-6,mujer,28
810,Ariyan Patel,37780063-k,hombre,21
207,Kien Christensen,33199896-6,hombre,28
237,Madeleine Henson,82319208-8,mujer,21
732,Akeem Odonnell,21016824-9,hombre,20
461,Kurt Sutton,28370900-0,hombre,52
373,Yisroel Wheatley,22566169-3,mujer,59
118,Jonathan Turner,30224213-5,mujer,40
651,Tevin Wright,89671041-9,mujer,24
121,Kimberly Mason,97632703-9,hombre,20
765,Mimi Harris,48269008-4,hombre,49
162,Amelia-Rose Nguyen,22479749-4,hombre,45
78,Andrea Chen,21840388-3,hombre,51
499,Kingsley Goddard,73418283-4,mujer,19
641,Roberta Rankin,22545748-4,mujer,30
650,Asher Valentine,20774234-1,mujer,25
757,Kamran Santos,90730270-9,hombre,28
413,Erika Greene,25497638-5,mujer,49
218,Fred Salter,92898031-6,mujer,31
545,Danyl James,96332059-0,mujer,31
171,Kofi Mcdermott,22532060-8,hombre,37
113,Naya Melia,29676675-5,mujer,59
339,Thea Stephens,64043694-8,mujer,37
330,Gerrard Ho,22150901-3,mujer,47
427,Evelyn Duran,31845287-3,hombre,51
439,Mylah Long,25327705-k,mujer,50
781,Faheem Bains,16697747-9,hombre,42
811,Luqman Marks,15795964-6,mujer,28
110,Aviana Nairn,78918085-7,hombre,37
190,Angus Fleming,23648509-9,hombre,29
320,Henri Barrett,26113418-7,hombre,40
310,Annabelle Hester,33874298-3,mujer,41
46,Jad Mercer,62820832-8,mujer,20
594,Saqib Mill,11784418-8,hombre,57
500,Chance Barlow,59060940-4,hombre,25
139,Verity Murray,60987426-0,hombre,47
610,Lillie-Rose Stokes,29522091-0,mujer,29
583,Margaux Cleveland,44973013-5,hombre,56
94,Herbert Hawes,46491043-3,mujer,19
225,Mai Regan,80698616-k,hombre,35
147,Nyla Paul,91059844-9,mujer,42
764,Billie Kaur,54546935-9,mujer,38
295,Keeva Allan,60158787-4,hombre,37
35,Roisin Contreras,61514910-1,mujer,22
64,Codie Sampson,25342278-5,mujer,24
252,Finnian Waller,45751112-4,hombre,18
90,Julia Moses,77941465-5,hombre,39
360,Hiba Clemons,44822766-9,hombre,43
76,Charlene Chester,79446327-1,hombre,38
596,Kaiden Ewing,75357089-6,mujer,27
776,Dainton Pratt,29004298-4,mujer,22
544,Asma Brook,35806868-5,mujer,32
456,Daphne Mccallum,75981648-k,hombre,30
159,Patryk Vang,18076157-8,hombre,26
22,Tyrese Bishop,54178021-1,mujer,29
431,Anish Coleman,46188032-0,hombre,23
748,Kenzo Beech,95656123-k,mujer,28
301,Hina Oneal,42679613-9,hombre,18
714,Miyah Rhodes,59537115-5,mujer,49
434,Allison Costa,83029887-8,mujer,38
749,Zac Mcgill,88107942-9,mujer,30
471,Anees Morse,66284985-5,mujer,36
69,Loki Snyder,13938471-7,mujer,45
105,Noah Avalos,79625227-8,mujer,31
92,Caprice Davies,60517573-2,hombre,22
10,Clayton Golden,29728267-0,mujer,27
175,Mared Pineda,17459269-1,hombre,60
607,Adele Douglas,42814101-6,hombre,53
166,Jean Cullen,20032612-1,hombre,54
656,Calista Cummings,17341224-k,mujer,53
47,Darla Childs,61995722-9,hombre,21
784,Ilayda Whitehouse,11118739-8,mujer,29
739,Roosevelt Charlton,70433997-6,mujer,33
182,Heena Valenzuela,60854678-2,mujer,55
418,Vikki Partridge,44380500-1,mujer,19
547,Abdi Mccoy,97166191-7,hombre,24
155,Jibril Davie,99748016-3,hombre,32
817,Brandy Ponce,25696685-9,mujer,41
457,Luther Simon,67314332-6,mujer,21
786,Jonny Newton,33461512-k,mujer,50
569,Mason Ritter,65175008-3,hombre,24
